2023年2月-4月职工特殊病统筹基金合计环比情况,三图一表
查询2023年2月不同病种职工特殊病统筹基金合计环比,三图一表
查询2023年1月到7月，职工特殊病统筹基金合计按照月度统计,三图一表
查询2023年1月到7月各地区职工特殊病统筹基金合计按统筹区同比情况,三图一表
查询2023年1月到7月职工特殊病统筹基金合计,三图一表
查询2023年1月到7月各地区职工特殊病统筹基金合计按医院等级统计,三图一表
查询2023年1月到7月各地区职工特殊病统筹基金合计及同比情况,三图一表
查询1月到7月各统筹区职工特殊病统筹基金合计同比下降5000,三图一表
查询2023年1月到2023年10月职工特殊病-统筹基金合计按人员类别统计及环比,三图一表

查询2023年1月到7月职工特殊病统筹基金合计及波动情况,波动分析
请分析2022年9月到2023年9月各险种赔付率变化趋势,波动分析
查询1-10月统筹基金支出变动情况,波动分析
查询过去两年职工特殊病统筹基金合计及波动情况,波动分析

查询1-10月统筹基金支出对比排名情况,柱状图
查询1-10月统筹基金支出对比情况,柱状图
请分析2022年9月到2023年9月各险种赔付对比,柱状图
查询1-10月统筹基金支出前五名的是哪些病种,柱状图
2023年1月到7月职工特殊病统筹基金支出前3的医院名称有哪些,柱状图

查询1-10月统筹基金支出趋势是什么,趋势图
2023年1月到7月公务员在职统筹基金支出趋势如何,趋势图

查询1-10月统筹基金支出占比多少,饼图



